,Unnamed: 0,ISIN,sector,name,price_per_share,currency
0,0,CA42249X1006,Biotechnology,HEALWELL AI  CL.A SUB.VTG,0.916,EUR
1,0,CNE100000296,Electrics,BYD,44.25,EUR
2,0,US29786A1060,Consumer Goods,"ETSY INC.         DL-,001",41.625,EUR
3,0,US64110L1061,Internet & Software,"NETFLIX INC.      DL-,001",1013.8,EUR
4,0,IE000XZSV718,SP500,SSGA SPDR ETFs Europe I plc - SPDR S&P 500 UCITS ETF USD Unhedged (Acc),12.259,EUR
5,0,US67066G1040,Electronics,"NVIDIA CORP.      DL-,001",103.46,EUR
6,0,US88160R1014,Vehicles,"TESLA INC. DL -,001",265.35,EUR
7,0,US8334451098,Internet & Software,"SNOWFLAKE INC. A DL-,0001",154.62,EUR
8,0,US8740391003,Electronics,TAIWAN SEMICON.MANU.ADR/5,156.6,EUR
9,0,NL00150002Q7,Pharmaceuticals & Cosmetics,VIVORYON THERAPEUTICS,1.724,EUR
10,0,XF000DOT0011,Web3,Polkadot,4.47836,EUR
11,0,DE000CBK1001,Banking & Finance,COMMERZBANK AG,25.23,EUR
12,0,KYG9830T1067,Computers & Network,XIAOMI CORP. CL.B,5.915,EUR
13,0,CA02377G2045,Electronics,AMERICAN AIRES INC. NEW,0.099,EUR
14,0,CA60255C8850,Health Care,MIND MEDICINE (MINDMED),5.415,EUR
15,0,US5949181045,Internet & Software,"MICROSOFT    DL-,00000625",389.15,EUR
17,0,CA1380357048,Health Care,CANOPY GROWTH,1.15,EUR
18,0,DE0005140008,Banking & Finance,DEUTSCHE BANK AG NA O.N.,24.22,EUR
19,0,CA22717L1013,Pharmaceuticals & Cosmetics,CRONOS GRP INC.,1.73,EUR
20,0,IE00B4L5Y983,Large/Mid Caps,iShares III plc - iShares Core MSCI World UCITS ETF USD (Acc),96.296,EUR
21,0,KYG982AW1003,Machinery,"XPENG INC. CL.A DL-,00001",8.625,EUR
22,0,IE00BM67HT60,Computers & Network,Xtrackers (IE) Plc - Xtrackers MSCI World Information Technology UCITS ETF 1C,78.88,EUR
23,0,DE0007030009,Machinery,RHEINMETALL AG,1694.5,EUR
24,0,US70450Y1038,Banking & Finance,"PAYPAL HDGS INC.DL-,0001",62.43,EUR
25,0,DE0008404005,Insurance,ALLIANZ AG VNA O.N.,362.9,EUR
26,0,US83444M1018,Health Care,"SOLVENTUM CORP. DL0,01",62.4,EUR
27,0,US1331311027,Real Estate,"CAMDEN PTY TR. SBI DL-,01",104.0,EUR
28,0,DK0010244508,Machinery,A.P. MOELLER - MAERSK,1520.0,EUR
29,0,US5184391044,Pharmaceuticals & Cosmetics,"ESTEE LAUDER COS A DL-,01",53.6,EUR
31,0,US12541W2098,Transportation,C.H. ROB. WORLDWIDE NEW,79.0,EUR
32,0,US88579Y1010,Consumer Goods,"3M CO. DL-,50",126.52,EUR
33,0,US29476L1070,Real Estate,"EQUITY RESI. SBI   DL-,01",62.0,EUR
34,0,KYG9828G1082,Constructions & Material,"XINYI GLASS HLDGS HD,- 10",0.843,EUR
35,0,DE000WACK012,Machinery,WACKER NEUSON SE NA O.N.,23.7,EUR
36,0,DE000A161408,Food,HELLOFRESH SE  INH O.N.,9.808,EUR
37,0,US0921131092,Machinery,BLACK HILLS CORP.,51.84,EUR
38,0,MHY1771G1026,Services,"COSTAMARE INC.   DL-,0001",6.83,EUR
39,0,GB00B1VNSX38,Energy & Water,"DRAX GROUP    LS-,1155172",7.27,EUR
40,0,MHY1968P1218,Transportation,"DANAOS CORP.     DL -,01",73.65,EUR
41,0,ES0125220311,Constructions & Material,ACCIONA SA INH.    EO 1,125.7,EUR
42,0,IT0003492391,Electrics,DIASORIN,95.32,EUR
43,0,HK0144000764,Transportation,CHINA MERCHANTS HOLDINGS INTERNAT. CO.,1.456,EUR
44,0,NL00150001Q9,Vehicles,"STELLANTIS NV     EO -,01",8.718,EUR
45,0,US98980F1049,Internet & Software,"ZOOMINFO TECHNS    DL-,01",8.2,EUR
46,0,US29414B1044,Internet & Software,EPAM SYSTEMS INC.,156.45,EUR
47,0,US81211K1007,Consumer Goods,"SEALED AIR CORP.   DL-,10",26.8,EUR
48,0,US1266501006,Consumer Goods,"CVS HEALTH CORP.   DL-,01",59.42,EUR
49,0,FR0000053381,Services,"DERICHEBOURG S.A. EO -,25",6.24,EUR
50,0,GB00BJDQQ870,Retail & Stores,"WATCH.O.SWITZ.GR.LS-,0125",4.34,EUR
51,0,CA67077M1086,Chemistry,NUTRIEN LTD,49.26,EUR
52,0,US0905722072,Health Care,"BIO-RAD LABORATORIES INC. REG. SHARES CLASS A DL-,",210.8,EUR
53,0,US00760J1088,Electronics,"AEHR TEST SYSTEMS  DL-,01",7.506,EUR
54,0,US1101221083,Pharmaceuticals & Cosmetics,BRISTOL-MYERS SQUIBBDL-10,41.29,EUR
55,0,US98980L1017,Telecommunication,"ZOOM COMMUNIC. A DL -,001",72.35,EUR
56,0,IL0011595993,Health Care,"INMODE LTD      IS -,01",12.595,EUR
57,0,IL0011582033,Services,FIVERR INTERNATIONAL LTD,26.66,EUR
58,0,SE0000163628,Health Care,ELEKTA,4.556,EUR
59,0,US57060D1081,Banking & Finance,MARKETAXESS HOLDINGS INC.,203.9,EUR
60,0,US5500211090,Textiles & Clothing,LULULEMON ATHLETICA INC.,247.95,EUR
61,0,US29355A1079,Energy & Water,ENPHASE ENERGY,45.01,EUR
62,0,US9224751084,Health Care,VEEVA,210.3,EUR
63,0,LU0974299876,Internet & Software,"GLOBANT SA NOM.   DL 1,20",113.6,EUR
64,0,US45784P1012,Health Care,"INSULET CORP.    DL -,001",274.6,EUR
65,0,US98138H1014,Internet & Software,"WORKDAY INC.CL.A  DL-,001",228.65,EUR
66,0,US06417N1037,Banking & Finance,"BANK OZK           DL-,01",39.38,EUR
67,0,IE00BK5BQT80,Global,Vanguard Funds PLC - Vanguard FTSE All-World UCITS ETF (USD) Accumulating,125.02,EUR
68,0,IE00B6R52259,Large/Mid Caps,iShares V plc - iShares MSCI ACWI UCITS ETF USD (Acc),79.82,EUR
69,0,XF000XRP0018,Payments,XRP,2.125387,EUR
70,0,US71948P2092,Internet & Software,PHUNWARE INC.  NEW O.N.,2.647,EUR
71,0,DE000A0JL9W6,Oil & Gas,VERBIO SE INH O.N.,10.27,EUR
72,0,FR001400PDG8,Environment & Recycling,EUROPLASMA           EO 1,0.012,EUR
73,0,IE00BGV5VN51,Computers & Network,Xtrackers (IE) Plc - Xtrackers Artificial Intelligence & Big Data UCITS ETF 1C 1C,123.54,EUR
74,0,XF000BTC0017,Payments,Bitcoin,91797.39,EUR
75,0,LU1681048804,Across Different Sectors,Amundi Index Solutions - Amundi S&P 500 UCITS ETF - EUR (C),99.24,EUR
76,0,XF000ETH0019,DeFi,Ethereum,2133.18,EUR
77,0,US81141R1005,Telecommunication,SEA LTD CL.A(ADR)/1,122.5,EUR
78,0,US18452B2097,Banking & Finance,"CLEANSPARK INC.  DL-,001",8.15,EUR
79,0,CA2477541049,Alcohol & Tobacco,DELTA 9 CANNABIS,0.002,EUR
80,0,US5949724083,Internet & Software,MICROSTRATEG.A NEW DL-001,368.0,EUR
81,0,CA05156X8504,Pharmaceuticals & Cosmetics,AURORA CANNABIS,4.28,EUR
82,0,XF000LINK010,DeFi,Chainlink,14.4483,EUR
83,0,US36467W1099,Consumer Goods,GAMESTOP CORP. A,24.435,EUR
84,0,US42824C1099,Internet & Software,HEWLETT PACKARD ENTERPRISE,15.006,EUR
85,0,DE000PAG9113,Vehicles,DR.ING.H.C.F.PORSCHE VZOI,46.94,EUR
86,0,US79466L3024,Internet & Software,"SALESFORCE.COM    DL-,001",244.65,EUR
87,0,US24703L2025,Consumer Goods,"DELL TECHS INC. C  DL-,01",85.2,EUR
88,0,IE00B27YCN58,Large/Mid Caps,iShares II plc - iShares MSCI World Islamic UCITS ETF USD (Dist),43.155,EUR
89,0,US69608A1088,Internet & Software,PALANTIR TECHNOLOGIES INC,104.06,EUR
90,0,NO0010196140,Transportation,"NORWEGIAN AIR SHUT.NK-,10",1.1715,EUR
91,0,IE00B5BMR087,Large Caps,iShares VII plc - iShares Core S&P 500 UCITS ETF USD (Acc),535.58,EUR
92,0,US0378331005,Computers & Network,APPLE INC.,176.26,EUR
93,0,IE00BKM4GZ66,Large/Mid/Small Caps,iShares plc - iShares Core MSCI EM IMI UCITS ETF USD (Acc),32.085,EUR
94,0,XF000SOL0012,Payments,Solana,151.1,EUR
95,0,LU1681049018,Across Different Sectors,Amundi Index Solutions - Amundi S&P 500 UCITS ETF - USD (C),98.56,EUR
96,0,LU1861132840,Computers & Network,Amundi Index Solutions - Amundi MSCI Robotics & AI UCITS ETF Acc,92.34,EUR
97,0,LU0274209237,Large/Mid/Small Caps,Xtrackers - Xtrackers MSCI Europe UCITS ETF 1C,96.3,EUR
98,0,IE00B1XNHC34,Energy & Water,iShares II plc - iShares Global Clean Energy Transition UCITS ETF USD (Dist),6.18,EUR
99,0,DE000ENER6Y0,Energy & Water,SIEMENS ENERGY AG NA O.N.,74.9,EUR
100,0,IE00BYX2JD69,Large/Mid Caps,iShares IV plc - iShares MSCI World SRI UCITS ETF EUR (Acc),10.956,EUR
101,0,IE00B3WJKG14,Computers & Network,iShares V plc - iShares S&P 500 Information Technology Sector UCITS ETF USD (Acc),27.58,EUR
102,0,LU0908500753,Large/Mid/Small Caps,Amundi Index Solutions - Amundi Stoxx Europe 600 UCITS ETF Acc,255.35,EUR
103,0,IE00B4ND3602,Raw Materials,iShares Physical Gold ETC,57.35,EUR
104,0,LU1681045370,Large/Mid/Small Caps,Amundi Index Solutions - Amundi MSCI Emerging Markets UCITS ETF - EUR (C),5.0904,EUR
105,0,LU1681038672,Across Different Sectors,Amundi Index Solutions - Amundi Russell 2000 UCITS ETF - EUR (C),266.5,EUR
106,0,LU1681038243,Telecommunication,Amundi Index Solutions - Amundi NASDAQ-100 UCITS ETF - EUR (C),203.15,EUR
107,0,FI0009013403,Machinery,KONE,54.16,EUR
108,0,IE00BTN1Y115,Health Care,"MEDTRONIC PLC    DL-,0001",74.41,EUR
109,0,US92826C8394,Banking & Finance,VISA,313.35,EUR
110,0,US1667641005,Oil & Gas,CHEVRON,123.24,EUR
111,0,DE0001104891,Government Bonds,BUND SCHATZANW. 22/24,99.73,EUR
112,0,DK0010219153,Constructions & Material,ROCKWOOL INTERNATIONAL A/S,334.2,EUR
113,0,CA33583M1077,Mining,FIRST NORDIC M. CORP.,0.282,EUR
114,0,US30303M1027,Internet & Software,"META PLATF.  A DL-,000006",526.6,EUR
115,0,IE00BM67HM91,Energy & Water,Xtrackers (IE) Plc - Xtrackers MSCI World Energy UCITS ETF 1C,42.495,EUR
116,0,US02079K1079,Internet & Software,"ALPHABET INC.CL.C DL-,001",137.16,EUR
117,0,LU1778762911,Services,SPOTIFY TECH. S.A.  EUR 1,575.9,EUR
118,0,DE0005190037,Vehicles,BAY.MOTOREN WERKE  VZO,75.6,EUR
119,0,DE0005557508,Telecommunication,DT.TELEKOM AG NA,32.22,EUR
120,0,IE00B3RBWM25,Global,Vanguard Funds PLC - Vanguard FTSE All-World UCITS ETF (USD) Distributing,123.22,EUR
121,0,IE00BM67HW99,Large Caps,Xtrackers (IE) Plc - Xtrackers S&P 500 UCITS ETF 1C - EUR Hedged,80.234,EUR
122,0,JE00BRX98089,Banking & Finance,CVC CAP. PART. GBP  O.N.,15.86,EUR
123,0,FR001400CF13,Environment & Recycling,"EUROPLASMA       EO 1,-",0.0003,EUR
124,0,DE0005493092,Germany,BORUSSIA DORTMUND,3.26,EUR
125,0,US74762E1029,Constructions & Material,"QUANTA SVCS     DL-,00001",287.5,EUR
126,0,DE0006599905,Pharmaceuticals & Cosmetics,MERCK KGAA O.N.,122.65,EUR
127,0,KYG017191142,Consumer Goods,ALIBABA GROUP HLDG LTD,13.948,EUR
128,0,NO0013219535,Energy & Water,"CAVENDISH HYDROGEN NK-,20",1.276,EUR
129,0,IE00BJ0KDQ92,Large/Mid Caps,Xtrackers (IE) Plc - Xtrackers MSCI World UCITS ETF 1C,105.285,EUR
130,0,SE0015988019,Constructions & Material,NIBE INDUSTRIER B,4.067,EUR
131,0,IE00B4NCWG09,Raw Materials,iShares Physical Silver ETC,27.687,EUR
132,0,IE00BGV5VR99,Transportation,Xtrackers (IE) Plc - Xtrackers Future Mobility UCITS ETF 1C 1C,83.85,EUR
133,0,IE00BMC38736,Electronics,VanEck UCITS ETFs plc - VanEck Semiconductor UCITS ETF,33.75,EUR
134,0,IE00BYWQWR46,Internet & Software,VanEck UCITS ETFs plc - VanEck Video Gaming and eSports UCITS ETF,55.04,EUR
135,0,LU1781541179,Large/Mid Caps,MULTI UNITS LUXEMBOURG - Amundi MSCI World V UCITS ETF Acc,19.607,EUR
136,0,IE00B0M62Q58,Large/Mid Caps,iShares plc - iShares MSCI World UCITS ETF USD (Dist),70.386,EUR
137,0,LU2611732046,DAX,Amundi Index Solutions - Amundi DAX UCITS ETF Dist,179.62,EUR
138,0,GB00BZ15CS02,Internet & Software,"ARGO BLOCKCHAIN LS -,001",0.0285,EUR
139,0,IE00BJ5JNY98,Internet & Software,iShares V plc - iShares MSCI World Information Technology Sector ESG UCITS ETF USD (Dist),11.708,EUR
140,0,LU2089238203,Large/Mid Caps,Amundi Index Solutions - Amundi Prime Global UCITS ETF DR (C),32.01,EUR
141,0,LU2300295123,Global,Amundi Index Solutions - Amundi Prime Emerging Markets UCITS ETF DR (C),17.432,EUR
142,0,LU0533033667,Internet & Software,MULTI UNITS LUXEMBOURG - Amundi MSCI World Information Technology UCITS ETF EUR Acc,750.7,EUR
144,0,US0231351067,Internet & Software,"AMAZON.COM INC.    DL-,01",171.68,EUR
145,0,US00724F1012,Internet & Software,ADOBE INC.,340.8,EUR
146,0,US90353T1007,Internet & Software,"UBER TECH.      DL-,00001",73.62,EUR
147,0,US92686J1060,Biotechnology,"VIKING THERAPEUT.DL -,005",24.35,EUR
148,0,XF000AMP0010,DeFi,Amp,0.00388695,EUR
149,0,XF000HBAR015,NFT,Hedera Hashgraph,0.1814973,EUR
150,0,KYG875721634,Internet & Software,TENCENT HLDG. LTD,56.94,EUR
151,0,US60937P1066,Internet & Software,MONGODB INC. CL.A,157.52,EUR
152,0,US1273871087,Electronics,"CADENCE DESIGN SYS DL-,01",270.85,EUR
153,0,DE0007164600,Internet & Software,SAP SE,261.35,EUR
154,0,US02079K3059,Internet & Software,"ALPHABET INC.CL.A DL-,001",135.74,EUR
155,0,JE00BM9HZ112,Chemistry,ARCADIUM LITHIUM PLC ON,5.45,EUR
156,0,CA15135U1093,Energy & Water,CENOVUS ENERGY INC.,11.71,EUR
157,0,IE00B6R51Z18,Energy & Water,iShares V plc - iShares Oil & Gas Exploration & Production UCITS ETF USD (Acc),21.465,EUR
158,0,US68389X1054,Internet & Software,"ORACLE CORP.       DL-,01",133.68,EUR
159,0,CA50012K1066,Mining,KODIAK COPPER CORP.,0.254,EUR
160,0,US0311621009,Health Care,"AMGEN INC.       DL-,0001",236.55,EUR
161,0,IE00BMD8KP97,USA,Invesco Markets II plc - Invesco NASDAQ Next Generation 100 UCITS ETF Acc,31.735,EUR
162,0,DE0005909006,Constructions & Material,BILFINGER SE O.N.,76.05,EUR
163,0,DE0007856023,Holdings,ELRINGKLINGER AG NA O.N.,4.965,EUR
164,0,JP3143600009,Retail & Stores,ITOCHU,45.43,EUR
165,0,IL0010958192,Internet & Software,PERION NETWORK LTD.,8.426,EUR
166,0,DE000A0LD6E6,Health Care,GERRESHEIMER AG,60.7,EUR
167,0,LU0671493277,Small Caps,UBS (Lux) Fund Solutions - MSCI EMU Small Cap UCITS ETF (EUR) A-dis,130.3,EUR
168,0,NO0005052605,Raw Materials,NORSK HYDRO,4.878,EUR
169,0,FR0010527275,Environment & Recycling,MULTI UNITS FRANCE - Amundi MSCI Water UCITS ETF Dist,66.84,EUR
170,0,IE00BF16M727,NASDAQ,FIRST TRUST GLOBAL FUNDS PUBLIC LIMITED COMPANY - First Trust Nasdaq Cybersecurity UCITS ETF (USD) Class A Accumulation,37.64,EUR
171,0,AU000000DRO2,Internet & Software,DRONESHIELD LTD,0.735,EUR
172,0,CA0115321089,Raw Materials,ALAMOS GOLD (NEW),23.97,EUR
174,0,US0079031078,Electronics,"ADVANCED MIC.DEV.  DL-,01",91.42,EUR
175,0,US98980G1022,Internet & Software,"ZSCALER INC.      DL-,001",206.1,EUR
176,0,US6516391066,Raw Materials,"NEWMONT CORP.     DL 1,60",47.485,EUR
177,0,DE0007461006,Currency,PVA TEPLA AG O.N.,16.77,EUR
178,0,IE00BYXG2H39,Biotechnology,iShares IV plc - iShares Nasdaq US Biotechnology UCITS ETF USD (Acc),5.055,EUR
179,0,DE0005664809,Biotechnology,EVOTEC SE  INH O.N.,7.578,EUR
180,0,US00287Y1091,Pharmaceuticals & Cosmetics,"ABBVIE INC.        DL-,01",164.2,EUR
181,0,IE00BHZRR030,Asia Pacific,Franklin Templeton ICAV - Franklin FTSE Korea UCITS ETF,26.87,EUR
182,0,JP3435000009,Electrics,SONY GROUP CORP.,21.66,EUR
183,0,IE000S9YS762,Chemistry,"LINDE PLC        EO -,001",402.2,EUR
184,0,DE000A0WMPJ6,Electronics,AIXTRON SE NA O.N.,13.09,EUR
185,0,CA04058Q1054,Mining,ARIZONA SONORAN COPPER,1.25,EUR
186,0,CNE1000003X6,Insurance,PING AN INSURANCE,5.365,EUR
187,0,DE000DTR0CK8,Vehicles,DAIMLER TRUCK HLDG JGE NA,37.07,EUR
188,0,GB00BM8Q5M07,Textiles & Clothing,"JD SPORTS FASH. LS -,0005",1.01,EUR
189,0,AT0000A0E9W5,Electrics,KONTRON AG O.N,22.94,EUR
190,0,US0953061068,Vehicles,"BLUE BIRD CORP.    DL-,01",33.4,EUR
191,0,DE000A0Q4R02,Energy & Water,iShares (DE) I InvAG mit TGV - iShares STOXX Europe 600 Utilities UCITS ETF (DE) EUR (Dist),44.465,EUR
192,0,DE0006231004,Electronics,INFINEON TECH.AG NA O.N.,31.385,EUR
194,0,DE000SAFH001,Transportation,SAF-HOLLAND SE  INH EO 1,16.58,EUR
195,0,DE0007100000,Vehicles,MERCEDES-BENZ GRP NA O.N.,51.03,EUR
196,0,US3364331070,Energy & Water,"FIRST SOLAR INC. D -,001",125.24,EUR
197,0,BE0974320526,Environment & Recycling,UMICORE S.A.,8.295,EUR
198,0,GB00BN7SWP63,Health Care,GSK PLC,16.29,EUR
199,0,DE000ENAG999,Energy & Water,E.ON SE,15.475,EUR
200,0,LU0476289466,Large/Mid/Small Caps,Xtrackers - Xtrackers MSCI Mexico UCITS ETF 1C,5.786,EUR
201,0,DE000A0LR936,Constructions & Material,STEICO SE,23.15,EUR
202,0,ES0113900J37,Banking & Finance,BANCO SANTANDER,6.6,EUR
203,0,IE00BHZRQZ17,India,Franklin Templeton ICAV - Franklin FTSE India UCITS ETF,38.385,EUR
204,0,FR0010208488,Energy & Water,ENGIE S.A. INH.      EO 1,17.995,EUR
205,0,US65339F1012,Energy & Water,"NEXTERA ENERGY INC.DL-,01",62.16,EUR
206,0,IE00B43HR379,Health Care,iShares V plc - iShares S&P 500 Health Care Sector UCITS ETF USD (Acc),9.305,EUR
207,0,US6821891057,Electronics,"ON SEMICOND.       DL-,01",36.34,EUR
208,0,GB00B0WMWD03,Aviation & Aeronautics,QINETIQ PLC,5.015,EUR
209,0,IT0000072618,Banking & Finance,INTESA SANPAOLO,4.8505,EUR
210,0,FR0000131104,Banking & Finance,BNP PARIBAS INH.     EO 2,77.46,EUR
211,0,US38267D1090,Insurance,"GOOSEHEAD INS. CL.ADL-,01",91.5,EUR
212,0,US3434121022,Constructions & Material,"FLUOR CORP. (NEW)  DL-,01",31.82,EUR
213,0,FR0000121014,Alcohol & Tobacco,"LVMH               EO 0,3",498.05,EUR
214,0,DE0007314007,Machinery,HEIDELBERG.DRUCKMA.O.N.,1.332,EUR
215,0,DE000SHL1006,Health Care,SIEMENS HEALTH.AG NA O.N.,46.97,EUR
216,0,FR0000121972,Electronics,SCHNEIDER ELEC. INH. EO 4,215.45,EUR
217,0,FI4000074984,Machinery,VALMET CORP,27.59,EUR
218,0,US0126531013,Chemistry,"ALBEMARLE CORP.    DL-,01",51.26,EUR
219,0,CA8536061010,Mining,STANDARD LITHIUM LTD,1.428,EUR
220,0,DE000TUAG505,Holdings,TUI AG NA O.N.,7.144,EUR
221,0,KYG9829N1025,Energy & Water,XINYI SOLAR HLDGS,0.288,EUR
222,0,DE0008019001,Banking & Finance,DT.PFANDBRIEFBK AG,5.615,EUR
223,0,US91913Y1001,Oil & Gas,VALERO ENERGY,108.86,EUR
224,0,US6745991058,Oil & Gas,"OCCIDENTAL PET.    DL-,20",37.44,EUR
225,0,US1258961002,Energy & Water,"CMS ENERGY CORP.   DL-,01",64.0,EUR
226,0,US72919P2020,Energy & Water,"PLUG POWER INC. DL-,01",0.76,EUR
227,0,US4227041062,Mining,"HECLA MNG          DL-,25",4.55,EUR
228,0,IE00BSKRJZ44,Government Bonds,iShares IV plc - iShares $ Treasury Bond 20+yr UCITS ETF USD (Dist),2.8833,EUR
229,0,XF000ADA0018,DAO,Cardano,0.706606,EUR
230,0,US86745K1043,Energy & Water,"SUNNOVA ENERGY INT.-,0001",0.173,EUR
231,0,US00165C3025,USA,AMC ENTERTAINM.HLD.A  NEW,2.41,EUR
232,0,US8676524064,Energy & Water,"SUNPOWER CORP.    DL -,01",0.001,EUR
233,0,CA0272592092,Mining,AMERICAN LITHIUM CORP. REGISTERED SHARES O.N.,0.216,EUR
234,0,US19260Q1076,Internet & Software,"COINBASE GLB.CL.A -,00001",177.16,EUR
235,0,DE000A1ML7J1,Real Estate,VONOVIA SE,30.0,EUR
236,0,US49177J1025,Consumer Goods,"KENVUE INC.      DL -,001",21.72,EUR
237,0,CA28474P2017,Mining,ELECTRA BATTERY MATERIALS,0.407,EUR
238,0,US8006771062,Biotechnology,"SANGAMO THERAP.INC.DL-,01",0.63,EUR
239,0,US06777U1016,Retail & Stores,"BARNES + NOBLE ED. DL-,01",0.088,EUR
240,0,KYG5635P1090,Real Estate,LONGFOR GR.HLD.REGS HD-10,1.143,EUR
241,0,US7223041028,Computers & Network,PINDUODUO INC. SP.ADR/4,96.6,EUR
247,0,CA4509131088,Raw Materials,IAMGOLD CORP.,6.15,EUR
248,0,DE0008402215,Insurance,HANNOVER RUECK SE NA O.N.,280.8,EUR
249,0,DE0007568578,Energy & Water,SFC ENERGY AG,24.75,EUR
252,0,DE000EVNK013,Chemistry,EVONIK INDUSTRIES NA O.N.,19.88,EUR
253,0,DE0006083405,Retail & Stores,HORNBACH HOLD.ST O.N.,102.6,EUR
254,0,US6541061031,Trading Diverse,NIKE INC CL B,51.93,EUR
255,0,US4592001014,Computers & Network,"INTL BUS. MACH.    DL-,20",221.35,EUR
256,0,GB00BP6MXD84,Oil & Gas,SHELL PLC           EO-07,29.34,EUR
257,0,US30231G1022,Oil & Gas,EXXON MOBIL CORP.,95.57,EUR
258,0,US86800U1043,Computers & Network,"SUPER MICRO COMPUT.DL-,01",373.95,EUR
259,0,US17275R1023,Computers & Network,"CISCO SYSTEMS    DL-,001",53.01,EUR
260,0,US2546871060,Telecommunication,DISNEY (WALT) CO.,94.16,EUR
261,0,US0090661010,Hotel & Tourism,"AIRBNB INC.     DL-,01",112.0,EUR
262,0,DE0008303504,Real Estate,TAG IMMOBILIEN AG,14.56,EUR
263,0,IE00B94QLN63,Raw Materials,WisdomTree Palladium 2x Daily Leveraged,6.954,EUR
264,0,IE0031442068,Large Caps,iShares plc - iShares Core S&P 500 UCITS ETF USD (Dist) USD (Dist),50.12,EUR
265,0,US57636Q1040,Banking & Finance,MASTERCARD,505.3,EUR
266,0,US61174X1090,Consumer Goods,"MONSTER BEVER.NEW DL-,005",53.74,EUR
267,0,IE00B3YCGJ38,USA,Invesco Markets plc - Invesco S&P 500 UCITS ETF,995.1,EUR
268,0,US26856L1035,Consumer Goods,"E.L.F. BEAUTY INC  DL-,01",59.24,EUR
269,0,DE000ZAL1111,Internet & Software,ZALANDO SE,31.49,EUR
270,0,DE0007037129,Energy & Water,RWE AG ST O.N.,32.56,EUR
271,0,US0567521085,Internet & Software,"BAIDU A ADR DL-,000000625",78.0,EUR
272,0,BMG9456A1009,Oil & Gas,GOLAR LNG LTD.       DL 1,33.36,EUR
273,0,DE000RENK730,Machinery,RENK GROUP AG INH O.N.,58.5,EUR
274,0,DE000BAY0017,Chemistry,BAYER AG O.N.,23.885,EUR
275,0,IE00B53L3W79,Large Caps,iShares VII plc - iShares Core EURO STOXX 50 UCITS ETF EUR (Acc),200.35,EUR
276,0,NL0010273215,Electronics,"ASML HOLDING    EO -,09",627.3,EUR
277,0,US2935941078,Electrics,"ENOVIX CORP.     DL-,0001",5.78,EUR
278,0,DE0002635307,Large/Mid/Small Caps,iShares STOXX Europe 600 UCITS ETF (DE) EUR (Dist),53.91,EUR
279,0,IE00BF4RFH31,Mid/Small Caps,iShares III plc - iShares MSCI World Small Cap UCITS ETF USD (Acc),6.659,EUR
280,0,LU0274208692,Large/Mid Caps,Xtrackers - Xtrackers MSCI World Swap UCITS ETF 1C,103.195,EUR
282,0,US50202M1027,Vehicles,LI AUTO INC.  (SP.ADR)/2,23.5,EUR
285,0,US5801351017,Food,MCDONALDS CORP.,278.05,EUR
286,0,NL0000009165,Alcohol & Tobacco,"HEINEKEN          EO 1,60",79.36,EUR
287,0,US1912161007,Consumer Goods,"COCA-COLA CO. DL-,25",62.68,EUR
288,0,CA0585861085,Electronics,BALLARD PWR SYS,1.18,EUR
289,0,DE0005093108,Services,AMADEUS FIRE AG,75.2,EUR
290,0,US7134481081,Food,"PEPSICO INC.     DL-,0166",115.98,EUR
291,0,US7427181091,Consumer Goods,PROCTER GAMBLE,140.18,EUR
292,0,US7960508882,Electrics,SAMSUNG EL. GDR,860.0,EUR
293,0,DE000NCA0001,Energy & Water,THYSSENKRUPP NUCERA O.N.,10.0,EUR
294,0,US58733R1023,Internet & Software,"MERCADOLIBRE INC. DL-,001",2135.0,EUR
295,0,DE000A0SMU87,Internet & Software,NORTHERN DATA AG INH O.N.,24.46,EUR
296,0,DE000A0D6554,Energy & Water,NORDEX SE O.N.,17.32,EUR
297,0,SE0014960373,Services,"SWECO AB B        SK 1,-",15.42,EUR
298,0,US0846707026,Holdings,BERKSHIRE HATHAWAY,456.6,EUR
299,0,IE00BYZK4883,Computers & Network,iShares IV plc - iShares Digitalisation UCITS ETF USD (Acc),9.302,EUR
300,0,US56035L1044,Banking & Finance,"MAIN STREET CAP.CP.DL-,01",46.78,EUR
301,0,US6700024010,Biotechnology,"NOVAVAX INC.       DL-,01",5.31,EUR
302,0,US67577C1053,Biotechnology,"OCUGEN INC.       DL-,001",0.58,EUR
303,0,DE000DWS1007,Banking & Finance,DWS GROUP GMBH+CO.KGAA ON,50.4,EUR
304,0,US00123Q1040,Real Estate,"AGNC INV.CORP.    DL-,001",7.822,EUR
305,0,US92343V1044,Telecommunication,"VERIZON COMM. INC. DL-,10",38.77,EUR
306,0,US7181721090,Alcohol & Tobacco,PHILIP MORRIS INTL INC.,151.42,EUR
307,0,US02209S1033,Alcohol & Tobacco,ALTRIA GROUP INC.,52.82,EUR
308,0,US25179M1036,Oil & Gas,DEVON,28.9,EUR
309,0,DE0008430026,Insurance,MUENCH.RUECKVERS.VNA O.N.,594.2,EUR
310,0,IE00B6YX5D40,USA,SSGA SPDR ETFs Europe I plc - SPDR S&P U.S. Dividend Aristocrats UCITS ETF USD Unhedged (Dist),64.98,EUR
311,0,NO0011082075,Transportation,"HOEGH AUTOLINERS NK 21,20",6.64,EUR
312,0,US01741R1023,Machinery,"ATI INC.           DL-,01",62.9,EUR
313,0,US81762P1021,Internet & Software,"SERVICENOW INC.   DL-,001",866.9,EUR
314,0,DE0005933931,Large Caps,iShares Core DAX® UCITS ETF (DE) EUR (Acc),195.14,EUR
315,0,DE0008232125,Aviation & Aeronautics,LUFTHANSA AG VNA O.N.,6.282,EUR
316,0,IE00BZCQB185,Large/Mid Caps,iShares IV plc - iShares MSCI India UCITS ETF USD (Acc),8.212,EUR
317,0,IE000YYE6WK5,VanEck,VanEck UCITS ETFs plc - VanEck Defense UCITS ETF,45.815,EUR
318,0,IE00BM67HK77,Health Care,Xtrackers (IE) Plc - Xtrackers MSCI World Health Care UCITS ETF 1C,44.57,EUR
319,0,LU0274211480,Large Caps,Xtrackers - Xtrackers DAX UCITS ETF 1C,220.8,EUR
320,0,US3695501086,Aviation & Aeronautics,GENERAL DYNAMICS,242.0,EUR
321,0,IE00BTJRMP35,Large/Mid/Small Caps,Xtrackers (IE) Plc - Xtrackers MSCI Emerging Markets UCITS ETF 1C,53.648,EUR
322,0,IE00BFY0GT14,SPDR,SSGA SPDR ETFs Europe I plc - SPDR MSCI World UCITS ETF USD Unhedged,35.163,EUR
323,0,IE000OJ5TQP4,Aviation & Aeronautics,HANetf ICAV - Future of Defence UCITS ETF - Accumulating,14.262,EUR
324,0,DE000HLAG475,Transportation,HAPAG-LLOYD AG NA O.N.,128.0,EUR
325,0,DE0006289390,Large Caps,iShares Dow Jones Industrial Average UCITS ETF (DE) USD (Dist),363.85,EUR
326,0,US87612E1064,Retail & Stores,"TARGET CORP.     DL-,0833",85.76,EUR
327,0,IE00B53SZB19,Large Caps,iShares VII plc - iShares NASDAQ 100 UCITS ETF USD (Acc),1020.0,EUR
328,0,DE0006452907,Internet & Software,NEMETSCHEK SE O.N.,123.8,EUR
329,0,LU0380865021,Large Caps,Xtrackers - Xtrackers Euro Stoxx 50 UCITS ETF 1C,91.51,EUR
330,0,DE000HAG0005,Machinery,HENSOLDT AG INH O.N.,72.65,EUR
331,0,DE0005313704,Health Care,CARL ZEISS MEDITEC AG,60.2,EUR
332,0,DK0062498333,Pharmaceuticals & Cosmetics,"NOVO-NORDISK AS B  DK 0,1",58.4,EUR
333,0,DE0005933923,Mid Caps,iShares MDAX® UCITS ETF (DE) EUR (Acc),243.05,EUR
334,0,DK0061539921,Energy & Water,"VESTAS WIND SYS. DK -,20",13.15,EUR
335,0,DE0007500001,Mining,THYSSENKRUPP AG O.N.,10.215,EUR
336,0,DE0005933972,Computers & Network,iShares TecDAX® UCITS ETF (DE) EUR (Acc),32.95,EUR
337,0,US09075V1026,Biotechnology,BIONTECH SE SPON. ADRS 1,82.4,EUR
338,0,DK0015998017,Pharmaceuticals & Cosmetics,BAVARIAN NORDIC A/S,22.02,EUR
339,0,DE000STRA555,Health Care,STRATEC SE  NA O.N.,24.2,EUR
340,0,DE0005470405,Chemistry,LANXESS AG,27.16,EUR
341,0,DE000A1MMCC8,Retail & Stores,MEDIOS AG  O.N.,12.32,EUR
342,0,NL0015436031,Health Care,CUREVAC N.V.   O.N.,3.08,EUR
343,0,DE000A2E4K43,Services,DELIVERY HERO SE NA O.N.,25.79,EUR
344,0,DE0006632003,Biotechnology,MORPHOSYS AG O.N.,67.7,EUR
345,0,US74340W1036,Real Estate,"PROLOGIS INC.      DL-,01",93.48,EUR
346,0,DE000PAH0038,Holdings,PORSCHE AUTOM.HLDG VZO,37.27,EUR
347,0,US09247X1019,Banking & Finance,"BLACKROCK  CL. A DL -,01",853.5,EUR
348,0,SG1L01001701,Banking & Finance,DBS GROUP HOLDINGS LTD.,29.89,EUR
349,0,US70432V1026,Internet & Software,"PAYCOM SOFTWARE   DL -,01",223.8,EUR
350,0,IE00B4MCHD36,Consumer Goods,iShares V plc - iShares S&P 500 Consumer Discretionary Sector UCITS ETF USD (Acc),12.458,EUR
351,0,HK0992009065,Computers & Network,"LENOVO GROUP HD-,025",1.0465,EUR
352,0,GB00B10RZP78,Food,"UNILEVER PLC   LS-,031111",55.44,EUR
353,0,IE000KCS7J59,HSBC,HSBC MSCI EMERGING MARKETS UCITS ETF USD (ACC),10.794,EUR
354,0,DE0005190003,Vehicles,BAY.MOTOREN WERKE AG ST,80.18,EUR
355,0,DE0007664039,Vehicles,VOLKSWAGEN AG VORZUGSAKTIEN,99.42,EUR
356,0,DE0005706535,Transportation,EUROKAI KGAA VZO,36.0,EUR
357,0,DE000A30WFV1,Banking & Finance,DT.PFBR.BANK MTN.35416,100.64,EUR
358,0,FR0011962398,Government Bonds,REP. FSE 14-24 O.A.T.,99.81,EUR
359,0,IE00BGHQ0G80,Large/Mid Caps,Xtrackers (IE) Plc - Xtrackers MSCI AC World Screened UCITS ETF 1C,37.38,EUR
360,0,SE0010048884,Electrics,"FAGERHULT AB       SK-,57",3.695,EUR
361,0,JP3497400006,Japan,DAIFUKU CO. LTD,23.2,EUR
362,0,DE0006047004,Constructions & Material,HEIDELBERGCEMENT AG O.N.,184.55,EUR
363,0,JP3351100007,Health Care,SYSMEX CORP.,15.9,EUR
364,0,FR0000120966,Consumer Goods,"SOCIETE BIC INH. EO 3,82",56.5,EUR
365,0,FR0000125007,Constructions & Material,ST GOBAIN            EO 4,98.98,EUR
366,0,DE0005773303,Services,FRAPORT AG FFM.AIRPORT,59.05,EUR
367,0,DE000A0STSQ8,Health Care,M1 KLINIKEN AG  O.N.,15.2,EUR
368,0,LU2009202107,Large/Mid/Small Caps,MULTI UNITS LUXEMBOURG - Amundi MSCI Emerging Ex China UCITS ETF Acc,24.06,EUR
369,0,IE00BFMXXD54,USA,Vanguard Funds PLC - Vanguard S&P 500 UCITS ETF (USD) Accumulating,95.974,EUR
370,0,AU0000066086,Electrics,VULCAN ENERGY RESOURCES,2.568,EUR
371,0,US11135F1012,Electronics,"BROADCOM INC.     DL-,001",184.88,EUR
372,0,US09857L1089,Large Caps,"BOOKING HLDGS     DL-,008",4508.0,EUR
373,0,US8825081040,Electronics,TEXAS INSTR.         DL 1,153.28,EUR
374,0,US4581401001,Electronics,"INTEL CORP.       DL-,001",18.982,EUR
375,0,US0258161092,Banking & Finance,"AMER. EXPRESS DL -,20",251.55,EUR
376,0,AT00000VIE62,Services,FLUGHAFEN WIEN AG,54.6,EUR
377,0,GB0002875804,Alcohol & Tobacco,BRIT AM TOBACCO,37.3,EUR
378,0,US7672041008,Mining,RIO TINTO PLC LS-10 ADR 1,53.2,EUR
379,0,US4781601046,Pharmaceuticals & Cosmetics,JOHNSON + JOHNSON,137.08,EUR
380,0,US4270965084,Banking & Finance,"HERCULES CAP INC. DL-,001",15.43,EUR
381,0,IE00B3YLTY66,Global,SSGA SPDR ETFs Europe I plc - SPDR MSCI All Country World Investable Market UCITS ETF USD Unhedged (Acc),213.4,EUR
382,0,IE0009HF1MK9,Global,Amundi Prime All Country World UCITS ETF Dist,10.094,EUR
383,0,IE00B5SSQT16,HSBC,HSBC MSCI EMERGING MARKETS UCITS ETF,10.0535,EUR
384,0,IE0006WW1TQ4,Global,Xtrackers (IE) Plc - Xtrackers MSCI World ex USA UCITS ETF 1C 1C,31.055,EUR
385,0,IE00BMVB5R75,Vanguard,Vanguard Funds PLC - Vanguard LifeStrategy 80% Equity UCITS ETF (EUR) Accumulating,34.66,EUR
386,0,IE000FSN19U2,Amundi,Amundi MSCI USA UCITS ETF Acc,32.315,EUR
387,0,IE00B6YX5H87,SPDR,SSGA SPDR ETFs Europe I plc - SPDR Bloomberg SASB 0-3 Year Euro Corporate ESG UCITS ETF EUR Unhedged (Acc),32.466,EUR
388,0,NL0009690239,Real Estate,VanEck ETFs N.V. - VanEck Global Real Estate UCITS ETF,37.73,EUR
389,0,IE00B6YX5C33,USA,SSGA SPDR ETFs Europe I plc - SPDR S&P 500 UCITS ETF USD Unhedged (Dist),502.96,EUR
390,0,KYG6145U1094,Vehicles,MINTH GROUP LTD,2.1,EUR
391,0,US81617J3014,Energy & Water,"SELECT WATER SOL.A DL-,01",7.28,EUR
392,0,FR001400N2P2,Health Care,"SPINEWAY       EO 4,-",0.1195,EUR
393,0,US89853L3024,Health Care,"T2 BIOSYSTEMS NEW DL-,001",0.089,EUR
394,0,US00206R1023,Telecommunication,AT&T INC.,24.735,EUR
395,0,DE000BASF111,Chemistry,BASF AG O.N.,43.12,EUR
396,0,US09075P1057,Biotechnology,"BIOXCEL THERAPEUT DL-,001",0.156,EUR
397,0,DE000BEAU7Y1,Biotechnology,DOUGLAS AG ST I,10.76,EUR
398,0,NL0012969182,Internet & Software,"ADYEN N.V.         EO-,01",1588.2,EUR
399,0,LU1900066033,Large/Mid/Small Caps,MULTI UNITS LUXEMBOURG - Amundi MSCI Semiconductors UCITS ETF Acc,44.69,EUR
400,0,FR0013380607,Large Caps,MULTI UNITS FRANCE - Amundi CAC 40 UCITS ETF Acc,37.625,EUR
401,0,US7561091049,Real Estate,REALTY INC. CORP.    DL 1,50.31,EUR
402,0,CA65345P1018,Mining,NEXUS URANIUM CORP.,0.075,EUR
403,0,DE000LEG1110,Real Estate,LEG IMMOBILIEN SE NA O.N.,76.55,EUR
404,0,US9311421039,Retail & Stores,"WAL-MART STRS DL-,10",85.92,EUR
405,0,US47010C7065,Biotechnology,"JAGUAR HEALTH    DL-,0001",0.118,EUR
406,0,DE0006048432,Chemistry,HENKEL KGAA VZO O.N.,68.96,EUR
407,0,DE000KBX1006,Vehicles,KNORR-BREMSE AG  INH O.N.,87.2,EUR
408,0,DE0005552004,Transportation,DEUTSCHE POST AG NA O.N.,37.14,EUR
409,0,DE0005810055,Banking & Finance,DEUTSCHE BOERSE NA O.N.,289.7,EUR
410,0,DE0007165631,Biotechnology,SARTORIUS AG VZO O.N.,229.0,EUR
411,0,DE0007231334,Vehicles,SIXT SE VZO,59.6,EUR
412,0,DE0006969603,Retail & Stores,PUMA SE,22.88,EUR
413,0,NL0000235190,Aviation & Aeronautics,AIRBUS SE,158.08,EUR
414,0,DE000A3ENQ51,Pharmaceuticals & Cosmetics,SCHOTT PHARMA INH O.N.,25.35,EUR
415,0,US98422D1054,Vehicles,XPENG INC. SP.ADS/2 CL.A,17.4,EUR
416,0,IE00B1TXK627,Raw Materials,iShares II plc - iShares Global Water UCITS ETF USD (Dist),62.17,EUR
417,0,DE0007236101,Electronics,SIEMENS AG NA,214.3,EUR
418,0,IE00BK5BR626,Global,Vanguard Funds PLC - Vanguard FTSE All-World High Dividend Yield UCITS ETF (USD) Accumulating,69.48,EUR
419,0,IE00BMDKNW35,Banking & Finance,VanEck UCITS ETFs plc - VanEck Crypto and Blockchain Innovators UCITS ETF,7.153,EUR
420,0,IT0005534141,Government Bonds,ITALIEN 23/53,101.75,EUR
421,0,BMG0957L1090,Environment & Recycling,BEIJING ENTER.WTR GR.CONS,0.264,EUR
422,0,US29270J1007,Machinery,"ENERGY RECOVERY  DL -,001",9.99,EUR
423,0,IE00BYWZ0333,Computers & Network,iShares IV plc - iShares Automation & Robotics UCITS ETF USD (Dist),8.132,EUR
424,0,IE00BGL86Z12,Vehicles,iShares IV plc - iShares Electric Vehicles and Driving Technology UCITS ETF USD (Acc),6.457,EUR
425,0,US5951121038,Electronics,"MICRON TECHN. INC. DL-,10",76.31,EUR
426,0,XF000XLM0017,Smart Contracts,Stellar,0.2668457,EUR
427,0,XF000EOS0011,DAO,EOS,0.816769,EUR
428,0,XF000BCH0011,Payments,Bitcoin Cash,369.582,EUR
429,0,XF000LTC0015,Payments,Litecoin,90.3149,EUR
430,0,IE00B9CQXS71,Global,SSGA SPDR ETFs Europe I plc - SPDR S&P Global Dividend Aristocrats UCITS ETF USD,29.825,EUR
431,0,LU1681039480,Real Estate,Amundi Index Solutions - Amundi FTSE Epra Europe Real Estate UCITS ETF - EUR (C),324.8,EUR
443,0,IE00BX7RRJ27,USA,UBS (Irl) ETF plc - Factor MSCI USA Quality Screened UCITS ETF (USD) A-dis,44.7,EUR
444,0,IE00BL25JL35,Large/Mid Caps,Xtrackers (IE) Plc - Xtrackers MSCI World Quality UCITS ETF 1C,61.91,EUR
449,0,US0394831020,Alcohol & Tobacco,ARCHER-DANIELS,42.84,EUR
450,0,DE0005565204,Machinery,DUERR AG O.N.,21.45,EUR
451,0,DE0005493365,Banking & Finance,HYPOPORT SE  NA O.N.,206.5,EUR
452,0,IE00BG0J4C88,Internet & Software,iShares IV plc - iShares Digital Security UCITS ETF USD (Acc),8.131,EUR
453,0,US6974351057,Internet & Software,"PALO ALTO NETWKS DL-,0001",166.12,EUR
454,0,US6701002056,Pharmaceuticals & Cosmetics,NOVO-NORDISK B ADR/1DK 10,58.2,EUR
455,0,IE00B4X9L533,Global,HSBC MSCI WORLD UCITS ETF,33.08,EUR
456,0,IE00B1YZSC51,Large/Mid Caps,iShares II plc - iShares Core MSCI Europe UCITS ETF EUR (Dist),33.84,EUR
457,0,US6092071058,Food,MONDELEZ,58.75,EUR
458,0,IE00B8GKDB10,Global,Vanguard Funds PLC - Vanguard FTSE All-World High Dividend Yield UCITS ETF (USD) Distributing,62.93,EUR
460,0,US4370761029,Retail & Stores,"HOME DEPOT INC. DL-,05",322.3,EUR
461,0,US46625H1005,Banking & Finance,JP MORGAN CH. DL 1,224.45,EUR
462,0,US94106L1098,Environment & Recycling,WASTE MANAGEMENT (DEL.),206.85,EUR
465,0,US65342K1051,Oil & Gas,"NEXTDECADE CORP.   DL-,01",6.75,EUR
466,0,US92537N1081,Electrics,"VERTIV HOL.CL A DL-,0001",83.59,EUR
467,0,US55354G1004,Services,"MSCI INC. A        DL-,01",494.6,EUR
468,0,CA12510R1082,Mining,CDN MAVERICK CAPITAL CORP,0.093,EUR
469,0,KYG6683N1034,Banking & Finance,"NU HLDGS  CL.A DL-,000066",11.37,EUR
473,0,US62526P4063,Vehicles,"MULLEN AUT. INC. DL -,001",0.102,EUR
481,0,FR0010315770,Large/Mid/Small Caps,MULTI UNITS FRANCE - Amundi MSCI World II UCITS ETF Dist,328.49,EUR
482,0,XS0213101073,Oil & Gas,PEMEX 5 1/2 02/25,99.75,EUR
483,0,JP3756600007,Consumer Goods,NINTENDO CO LTD,71.18,EUR
484,0,IE00B1FZS350,Real Estate,iShares II plc - iShares Developed Markets Property Yield UCITS ETF USD (Dist),20.78,EUR
485,0,IE00B0M63284,Real Estate,iShares plc - iShares European Property Yield UCITS ETF EUR (Dist),31.11,EUR
486,0,IE00B4K48X80,Large/Mid Caps,iShares III plc - iShares Core MSCI Europe UCITS ETF EUR (Acc),84.34,EUR
487,0,IE00BYTBXV33,Aviation & Aeronautics,"RYANAIR HLDGS PLC EO-,006",21.69,EUR
488,0,NO0010904923,Energy & Water,"HEXAGON PURUS ASA  NK-,10",0.133,EUR
489,0,US08862E1091,Food,BEYOND MEAT INC.,2.02,EUR
490,0,JE00BS44BN30,Consumer Goods,BIRKENSTOCK HOLDING PLC,46.58,EUR
491,0,IE00BK1PV551,Large/Mid Caps,Xtrackers (IE) Plc - Xtrackers MSCI World UCITS ETF 1D,88.542,EUR
602,0,NO0010081235,Machinery,"NEL ASA            NK-,20",0.1961,EUR
603,0,LU2059756754,Large/Mid/Small Caps,Amundi Index Solutions - Amundi MSCI Emerging Markets SRI Climate Paris Aligned UCITS ETF DR (D),44.72,EUR
604,0,IE000Y77LGG9,Large/Mid Caps,Amundi MSCI World SRI Climate Paris Aligned UCITS ETF Acc,93.12,EUR
605,0,IE00BDZZTM54,Large/Mid Caps,iShares IV plc - iShares MSCI World SRI UCITS ETF USD (Dist),8.219,EUR
606,0,IE00BFNM3K80,Large/Mid Caps,iShares IV plc - iShares MSCI World Screened UCITS ETF USD (Dist),8.2,EUR
607,0,IE00BHZPJ676,Large/Mid/Small Caps,iShares IV plc - iShares MSCI Europe ESG Enhanced CTB UCITS ETF EUR (Dist),7.036,EUR
608,0,IE00BFNM3P36,Large/Mid/Small Caps,iShares IV plc - iShares MSCI EM IMI Screened UCITS ETF USD (Acc),6.172,EUR
609,0,LU1829220133,Large/Mid Caps,MULTI UNITS LUXEMBOURG - Amundi MSCI All Country World UCITS ETF USD Acc,321.6,EUR
610,0,IE000EFHIFG3,Global,Amundi S&P World Communication Services Screened UCITS ETF Acc,15.87,EUR
611,0,IE00B52VJ196,Large Caps,iShares II plc - iShares MSCI Europe SRI UCITS ETF EUR (Acc),69.88,EUR
612,0,IE00BMTX2B82,Large Caps,iShares plc - iShares AEX UCITS ETF EUR (Acc),8.723,EUR
613,0,US6494451031,Banking & Finance,NEW YORK COMMUNITY BANCORP INC REGISTERED SHARES D,3.369,EUR
614,0,IE00BMVB5P51,Vanguard,Vanguard Funds PLC - Vanguard LifeStrategy 60% Equity UCITS ETF (EUR) Accumulating,30.915,EUR
615,0,GB00B15KXQ89,Raw Materials,WisdomTree Copper,36.784,EUR
616,0,IE00BMWXKN31,Hong Kong,HSBC HANG SENG TECH UCITS ETF,6.421,EUR
617,0,IE00BZ173V67,Environment & Recycling,iShares IV plc - iShares MSCI USA SRI UCITS ETF EUR Hedged (Dist),1735.2,EUR
618,0,US83417M1045,Energy & Water,"SOLAREDGE TECHN. DL-,0001",17.544,EUR
619,0,AT000000STR1,Constructions & Material,STRABAG SE,81.1,EUR
620,0,FR0000120073,Chemistry,"AIR LIQUIDE INH. EO 5,50",184.24,EUR
621,0,US67421J1088,Food,OATLY GROUP AB SP.ADS/1,0.45,EUR
622,0,IE00BLRPRL42,Large Caps,WisdomTree NASDAQ 100 3x Daily Leveraged,155.88,EUR
623,0,FI0009013296,Oil & Gas,NESTE CORP.,8.976,EUR
624,0,DE000A0F5UG3,Large Caps,iShares Dow Jones Eurozone Sustainability Screened UCITS ETF (DE) EUR (Dist),19.716,EUR
625,0,US8636671013,Pharmaceuticals & Cosmetics,"STRYKER CORP.      DL-,10",337.6,EUR
626,0,US01609W1027,Internet & Software,ALIBABA GR.HLDG SP.ADR 8,112.0,EUR
627,0,IE00BQT3WG13,Large/Mid Caps,iShares IV plc - iShares MSCI China A UCITS ETF USD (Acc),4.048,EUR
628,0,IE00BWBXM492,SPDR,SSGA SPDR ETFs Europe II plc - SPDR S&P U.S. Energy Select Sector UCITS ETF USD,28.395,EUR
629,0,IE00BD3V0B10,Banking & Finance,iShares V plc - iShares S&P U.S. Banks UCITS ETF USD (Acc),5.317,EUR
630,0,IE000WA6L436,Corporate Bonds,iShares V plc - iShares iBonds Dec 2026 Term € Corp UCITS ETF EUR (Acc),5.4218,EUR
631,0,IE000GUOATN7,iShares,iShares V plc - iShares iBonds Dec 2025 Term € Corp UCITS ETF EUR (Acc),5.2696,EUR
632,0,IE0008UEVOE0,Corporate Bonds,iShares V plc - iShares iBonds Dec 2028 Term € Corp UCITS ETF EUR (Acc),5.4718,EUR
633,0,XS1425274484,Constructions & Material,HEIGR 2 1/4 06/03/24,99.63,EUR
634,0,IE000ZOI8OK5,Corporate Bonds,iShares V plc - iShares iBonds Dec 2027 Term € Corp UCITS ETF EUR (Acc),5.4144,EUR
636,0,XS2002496409,Constructions & Material,BAYWA AG NTS 19/24,99.7,EUR
637,0,IE00BYVQ9F29,Large Caps,iShares VII plc - iShares NASDAQ 100 UCITS ETF EUR Hedged (Acc),11.93,EUR
638,0,LU0950674332,Global,UBS (Lux) Fund Solutions - MSCI World Socially Responsible UCITS ETF (USD) A-acc,29.13,EUR
639,0,DE000A2YN900,Internet & Software,TEAMVIEWER SE  INH O.N.,11.03,EUR
640,0,US91912E1055,Raw Materials,VALE S.A. ADR 1,8.16,EUR
641,0,FR0010755611,Large/Mid Caps,Amundi ETF Leveraged MSCI USA Daily UCITS ETF - EUR,18.798,EUR
642,0,US1729081059,Textiles & Clothing,CINTAS CORP.,190.15,EUR
643,0,BE0003470755,Chemistry,SOLVAY S.A.  A,30.08,EUR
644,0,US45867G1013,Telecommunication,INTERDIGITAL INC. (PA.),187.0,EUR
645,0,DE0005759807,Internet & Software,INIT INNOVATION O.N.,41.7,EUR
646,0,CA00135V1094,Computers & Network,AI ARTIF.INTEL.VENT.INC.,0.246,EUR
647,0,CA92539Q1090,Internet & Software,VERSES AI  CL.A(SUB.VTG.),0.56,EUR
648,0,US08975B1098,Computers & Network,"BIGBEAR.AI HOLD. DL-,0001",2.78,EUR
649,0,FR0004056851,Biotechnology,"VALNEVA SE        EO -,15",2.848,EUR
651,0,IE00BP3QZ601,Large/Mid Caps,iShares IV plc - iShares Edge MSCI World Quality Factor UCITS ETF USD (Acc),60.88,EUR
652,0,AU000000DEG6,Mining,DE GREY MINING LTD. REGISTERED SHARES O.N.,1.369,EUR
653,0,DE000A3E5A59,Pharmaceuticals & Cosmetics,SYNBIOTIC SE  NA O.N.,3.105,EUR
654,0,CA22906X2059,Internet & Software,CRYPTOBLOX TECHNOLOGIES,0.102,EUR
655,0,US4627261005,Electronics,"IROBOT CORP.       DL-,01",2.269,EUR
656,0,GB0003718474,Retail & Stores,"GAMES WORKSHOP GRP LS-,05",185.3,EUR
657,0,US8336351056,Chemistry,SOC. QUIMICA MIN.ADR B 1,30.3,EUR
658,0,FR0013204336,Food,"L.D.C. S.A. INH.  EO 0,40",70.8,EUR
659,0,JE00B588CD74,Raw Materials,WisdomTree Physical Swiss Gold,282.22,EUR
660,0,IE000M7V94E1,Energy & Water,VanEck UCITS ETFs plc - VanEck Uranium and Nuclear Technologies UCITS ETF,28.34,EUR
661,0,JE00B6XL6W59,Raw Materials,WisdomTree Nickel - EUR Daily Hedged,5.679,EUR
662,0,CA88908C1014,Computers & Network,TOKENS.COM CORP.,0.111,EUR
663,0,US0970231058,Aviation & Aeronautics,BOEING CO. DL 5,173.16,EUR
664,0,FR0000187635,Government Bonds,FRTR5 3/4 10/25/32,118.8,EUR
665,0,FR0010371401,Government Bonds,FRTR 4 10/25/38,104.75,EUR
666,0,XS2802892054,Vehicles,PORSCHE        MTN 24/32,101.01,EUR
667,0,XS2625968776,Vehicles,BMW FIN. 23/35 MTN,99.41,EUR
668,0,IE00BZ02LR44,Large/Mid Caps,Xtrackers (IE) Plc - Xtrackers MSCI World ESG UCITS ETF 1C,37.95,EUR
669,0,IE00BYVJRP78,Large/Mid Caps,iShares IV plc - iShares MSCI EM SRI UCITS ETF USD (Acc),6.792,EUR
670,0,BRPETRACNOR9,Oil & Gas,PETROLEO BRAS.SA PET.,5.301,EUR
671,0,CA69946Q1046,Oil & Gas,PAREX RESOURCES INC.,7.56,EUR
673,0,DE0005229504,Textiles & Clothing,BIJOU BRIGITTE O.N.,41.8,EUR
674,0,IE00B0M63516,Large/Mid Caps,iShares plc - iShares MSCI Brazil UCITS ETF USD (Dist) USD (Dist),19.566,EUR
675,0,US4062161017,Oil & Gas,HALLIBURTON CO,18.06,EUR
676,0,US9746371007,Consumer Goods,"WINNEBAGO IND.     DL-,50",30.0,EUR
677,0,NL0012817175,Machinery,"ALFEN N.V. EO -,10",16.36,EUR
678,0,US88339J1051,Services,"THE TRA.DESK A DL-,000001",63.08,EUR
679,0,US7005171050,Real Estate,"PARK HOTELS & RESORTS INC. REGISTERED SHARES DL -,",9.2,EUR
680,0,CA38045Y1025,Mining,GOGOLD RESOURCES INC.,1.194,EUR
681,0,SE0007691613,Electrics,DOMETIC GROUP AB,3.196,EUR
682,0,NO0010096985,Oil & Gas,"EQUINOR ASA       NK 2,50",20.4,EUR
683,0,US4180561072,Consumer Goods,HASBRO,54.52,EUR
684,0,BMG6331P1041,Electrics,"ALPHA+OMEGA SEMIC.DL-,002",19.14,EUR
685,0,FR0000120693,Alcohol & Tobacco,PERNOD RICARD        O.N.,96.72,EUR
686,0,AU000000EVN4,Mining,EVOLUTION MINING LTD,4.846,EUR
687,0,FR0013088606,Aviation & Aeronautics,"DRONE VOLT SACA   EO -,03",0.0037,EUR
688,0,US9168961038,Energy & Water,"URANIUM ENERGY    DL-,001",4.98,EUR
689,0,LU0252633754,Large Caps,MULTI UNITS LUXEMBOURG - Amundi DAX III UCITS ETF Acc,215.35,EUR
690,0,US8740541094,Consumer Goods,TAKE-TWO INTERACT. SOFTW.,201.85,EUR
696,0,LU0501835309,Consumer Goods,L'OCCITANE INTERNATIONAL,3.86,EUR
698,0,US9113121068,Transportation,UNITED PARCEL SE.B DL-01,85.23,EUR
701,0,JP3778630008,Consumer Goods,BANDAI NAMCO HO,28.98,EUR
702,0,US8552441094,Consumer Goods,STARBUCKS CORP.,71.45,EUR
703,0,IE00B6X4BP29,Raw Materials,WisdomTree Gold 3x Daily Short,4.019,EUR
704,0,US87918A1051,Health Care,TELADOC HEALTH INC.DL-001,6.29,EUR
705,0,XF000FET0011,NFT,fetch.ai,0.7361,EUR
706,0,PA1436583006,Hotel & Tourism,CARNIVAL PAIRED CTF,17.9,EUR
707,0,IL0011334468,Internet & Software,"CYBERARK SOFTWARE  IS-,01",312.8,EUR
708,0,LU0292103222,Health Care,Xtrackers - Xtrackers MSCI Europe Health Care Screened UCITS ETF 1C,204.2,EUR
709,0,US7170811035,Pharmaceuticals & Cosmetics,"PFIZER INC. DL-,05",19.76,EUR
710,0,DE000A0Q4R69,Germany,iShares DAX® ESG UCITS ETF (DE) EUR (Acc),7.409,EUR
711,0,CNE100000TW9,Energy & Water,CN.SUNTIEN GR.ENRGY,0.478,EUR
712,0,US3825501014,Vehicles,GOODYEAR TIRE RUBBER,9.66,EUR
713,0,CA7847301032,Raw Materials,SSR MINING INC.,10.25,EUR
714,0,US59516C1062,Chemistry,"MICROVAST HOLD.  DL-,0001",1.94,EUR
715,0,CA4972521062,Raw Materials,KIPLIN METALS INC.,0.0356,EUR
716,0,US6541101050,Vehicles,NIKOLA CORP.,0.3217,EUR
717,0,IE000CM02H85,Taiwan,Franklin Templeton ICAV - Franklin FTSE Taiwan UCITS ETF,27.6,EUR
718,0,US78413P1012,Transportation,"SEACOR MARINE HLDG.DL-,01",4.36,EUR
725,0,US8835561023,Health Care,THERMO FISH.SCIENTIF.DL 1,359.95,EUR
726,0,XF000AVAX016,DeFi,Avalanche,21.5173,EUR
727,0,US5657881067,Computers & Network,MARA HOLDINGS,13.98,EUR
728,0,IE00BDBRDM35,Corporate Bonds,iShares III plc - iShares Core Global Aggregate Bond UCITS ETF EUR Hedged (Acc),4.8487,EUR
729,0,FR0000121709,Electronics,SEB SA INH.          EO 1,84.2,EUR
730,0,US22788C1053,Internet & Software,"CROWDSTRIKE HLD. DL-,0005",363.95,EUR
731,0,US23804L1035,Internet & Software,"DATADOG INC.  A DL-,00001",95.74,EUR
732,0,US4278661081,Food,HERSHEY,151.9,EUR
733,0,US2172041061,Machinery,COPART INC.,54.9,EUR
734,0,US1999081045,Constructions & Material,"COMFORT SYST. USA  DL-,01",385.0,EUR
735,0,US91324P1021,Health Care,"UNITEDHEALTH GROUP DL-,01",337.45,EUR
